<?xml version="1.0" encoding="UTF-8" ?>
<!-- This is a WordPress eXtended RSS file generated by WordPress as an export of your site. -->
<!-- It contains information about your site's posts, pages, comments, categories, and other content. -->
<!-- You may use this file to transfer that content from one site to another. -->
<!-- This file is not intended to serve as a complete backup of your site. -->

<!-- To import this information into a WordPress site follow these steps: -->
<!-- 1. Log in to that site as an administrator. -->
<!-- 2. Go to Tools: Import in the WordPress admin panel. -->
<!-- 3. Install the "WordPress" importer from the list. -->
<!-- 4. Activate & Run Importer. -->
<!-- 5. Upload this file using the form provided on that page. -->
<!-- 6. You will first be asked to map the authors in this export file to users -->
<!--    on the site. For each author, you may choose to map to an -->
<!--    existing user on the site or to create a new user. -->
<!-- 7. WordPress will then import each of the posts, pages, comments, categories, etc. -->
<!--    contained in this file into your site. -->

<!-- generator="WordPress.com" created="2019-11-23 06:06"-->
<rss version="2.0"
	xmlns:excerpt="http://wordpress.org/export/1.2/excerpt/"
	xmlns:content="http://purl.org/rss/1.0/modules/content/"
	xmlns:wfw="http://wellformedweb.org/CommentAPI/"
	xmlns:dc="http://purl.org/dc/elements/1.1/"
	xmlns:wp="http://wordpress.org/export/1.2/"
>

<channel>
	<title>Happynewyear&#039;s Blog</title>
	<link>http://happynewyear.fashion.blog</link>
	<description>可爱的女孩子小新</description>
	<pubDate>Sat, 23 Nov 2019 06:06:38 +0000</pubDate>
	<language></language>
	<wp:wxr_version>1.2</wp:wxr_version>
	<wp:base_site_url>http://wordpress.com/</wp:base_site_url>
	<wp:base_blog_url>http://happynewyear.fashion.blog</wp:base_blog_url>

	<wp:author><wp:author_id>153625694</wp:author_id><wp:author_login><![CDATA[luoguhappynewyear]]></wp:author_login><wp:author_email><![CDATA[2717885529@qq.com]]></wp:author_email><wp:author_display_name><![CDATA[luoguhappynewyear]]></wp:author_display_name><wp:author_first_name><![CDATA[]]></wp:author_first_name><wp:author_last_name><![CDATA[]]></wp:author_last_name></wp:author>

	<wp:category><wp:term_id>284229</wp:term_id><wp:category_nicename>csp</wp:category_nicename><wp:category_parent></wp:category_parent><wp:cat_name><![CDATA[CSP]]></wp:cat_name>
</wp:category>
	<wp:category><wp:term_id>40773617</wp:term_id><wp:category_nicename>%e9%a2%98%e8%a7%a3</wp:category_nicename><wp:category_parent></wp:category_parent><wp:cat_name><![CDATA[题解]]></wp:cat_name>
</wp:category>
	<wp:category><wp:term_id>688519029</wp:term_id><wp:category_nicename>masteroj</wp:category_nicename><wp:category_parent></wp:category_parent><wp:cat_name><![CDATA[MasterOJ]]></wp:cat_name>
</wp:category>
	<wp:category><wp:term_id>559</wp:term_id><wp:category_nicename>others</wp:category_nicename><wp:category_parent></wp:category_parent><wp:cat_name><![CDATA[Others]]></wp:cat_name>
</wp:category>
	<wp:category><wp:term_id>169819</wp:term_id><wp:category_nicename>readme</wp:category_nicename><wp:category_parent></wp:category_parent><wp:cat_name><![CDATA[README]]></wp:cat_name>
</wp:category>
	<wp:category><wp:term_id>137953</wp:term_id><wp:category_nicename>release-notes</wp:category_nicename><wp:category_parent></wp:category_parent><wp:cat_name><![CDATA[Release Notes]]></wp:cat_name>
</wp:category>
	<wp:category><wp:term_id>1</wp:term_id><wp:category_nicename>%e6%9c%aa%e5%88%86%e7%b1%bb</wp:category_nicename><wp:category_parent></wp:category_parent><wp:cat_name><![CDATA[未分类]]></wp:cat_name>
</wp:category>
	<wp:term><wp:term_id>132561</wp:term_id><wp:term_taxonomy>nav_menu</wp:term_taxonomy><wp:term_slug><![CDATA[primary]]></wp:term_slug><wp:term_name><![CDATA[Primary]]></wp:term_name>
</wp:term>

	<generator>http://wordpress.com/</generator>

<image>
	<url>https://happynewyearfashion.files.wordpress.com/2019/11/qqe59bbee7898720191119042249.jpg?w=32</url>
	<title>Happynewyear&#039;s Blog</title>
	<link>http://happynewyear.fashion.blog</link>
	<width>32</width>
	<height>32</height>
</image> 
	
	<item>
		<title>Blog Feed</title>
		<link>http://happynewyear.fashion.blog/blog-feed/</link>
		<pubDate>Fri, 25 Oct 2019 11:24:31 +0000</pubDate>
		<dc:creator>luoguhappynewyear</dc:creator>
		<guid isPermaLink="false">https://happynewyearfashion.wordpress.com/?page_id=2</guid>
		<description></description>
		<content:encoded><![CDATA[]]></content:encoded>
		<excerpt:encoded><![CDATA[]]></excerpt:encoded>
		<wp:post_id>2</wp:post_id>
		<wp:post_date>2019-10-25 19:24:31</wp:post_date>
		<wp:post_date_gmt>2019-10-25 11:24:31</wp:post_date_gmt>
		<wp:comment_status>closed</wp:comment_status>
		<wp:ping_status>closed</wp:ping_status>
		<wp:post_name>blog-feed</wp:post_name>
		<wp:status>publish</wp:status>
		<wp:post_parent>0</wp:post_parent>
		<wp:menu_order>2</wp:menu_order>
		<wp:post_type>page</wp:post_type>
		<wp:post_password></wp:post_password>
		<wp:is_sticky>0</wp:is_sticky>
		<wp:postmeta>
			<wp:meta_key>_headstart_post</wp:meta_key>
			<wp:meta_value><![CDATA[_hs_blog_page]]></wp:meta_value>
		</wp:postmeta>
		<wp:postmeta>
			<wp:meta_key>sharing_disabled</wp:meta_key>
			<wp:meta_value><![CDATA[a:1:{i:0;N;}]]></wp:meta_value>
		</wp:postmeta>
		<wp:postmeta>
			<wp:meta_key>switch_like_status</wp:meta_key>
			<wp:meta_value><![CDATA[a:1:{i:0;N;}]]></wp:meta_value>
		</wp:postmeta>
		<wp:postmeta>
			<wp:meta_key>_wpas_skip_all_services</wp:meta_key>
			<wp:meta_value><![CDATA[1]]></wp:meta_value>
		</wp:postmeta>
		<wp:postmeta>
			<wp:meta_key>_publicize_pending</wp:meta_key>
			<wp:meta_value><![CDATA[1]]></wp:meta_value>
		</wp:postmeta>
		<wp:postmeta>
			<wp:meta_key>_checklist_post_type</wp:meta_key>
			<wp:meta_value><![CDATA[_hs_blog_page]]></wp:meta_value>
		</wp:postmeta>
	</item>
	<item>
		<title></title>
		<link>http://happynewyear.fashion.blog/</link>
		<pubDate>Fri, 25 Oct 2019 11:24:29 +0000</pubDate>
		<dc:creator>luoguhappynewyear</dc:creator>
		<guid isPermaLink="false">https://happynewyearfashion.wordpress.com/?page_id=4</guid>
		<description></description>
		<content:encoded><![CDATA[<!-- wp:paragraph -->
<p>点击跳转至博客：<a rel="noreferrer noopener" aria-label="https://happynewyear.art.blog （在新标签页中打开）" href="https://happynewyear.art.blog/" target="_blank">https://happynewyear.art.blog </a></p>
<!-- /wp:paragraph -->]]></content:encoded>
		<excerpt:encoded><![CDATA[]]></excerpt:encoded>
		<wp:post_id>4</wp:post_id>
		<wp:post_date>2019-10-25 19:24:29</wp:post_date>
		<wp:post_date_gmt>2019-10-25 11:24:29</wp:post_date_gmt>
		<wp:comment_status>closed</wp:comment_status>
		<wp:ping_status>closed</wp:ping_status>
		<wp:post_name>blog</wp:post_name>
		<wp:status>publish</wp:status>
		<wp:post_parent>0</wp:post_parent>
		<wp:menu_order>1</wp:menu_order>
		<wp:post_type>page</wp:post_type>
		<wp:post_password></wp:post_password>
		<wp:is_sticky>0</wp:is_sticky>
		<wp:postmeta>
			<wp:meta_key>sharing_disabled</wp:meta_key>
			<wp:meta_value><![CDATA[a:1:{i:0;N;}]]></wp:meta_value>
		</wp:postmeta>
		<wp:postmeta>
			<wp:meta_key>switch_like_status</wp:meta_key>
			<wp:meta_value><![CDATA[a:1:{i:0;N;}]]></wp:meta_value>
		</wp:postmeta>
		<wp:postmeta>
			<wp:meta_key>_publicize_pending</wp:meta_key>
			<wp:meta_value><![CDATA[1]]></wp:meta_value>
		</wp:postmeta>
	</item>
	<item>
		<title></title>
		<link>http://happynewyear.fashion.blog/2019/10/25/10/</link>
		<pubDate>Fri, 25 Oct 2019 11:29:31 +0000</pubDate>
		<dc:creator>luoguhappynewyear</dc:creator>
		<guid isPermaLink="false">https://happynewyearfashion.wordpress.com/2019/10/25/10/</guid>
		<description></description>
		<content:encoded><![CDATA[ ]]></content:encoded>
		<excerpt:encoded><![CDATA[]]></excerpt:encoded>
		<wp:post_id>10</wp:post_id>
		<wp:post_date>2019-10-25 19:29:31</wp:post_date>
		<wp:post_date_gmt>2019-10-25 11:29:31</wp:post_date_gmt>
		<wp:comment_status>closed</wp:comment_status>
		<wp:ping_status>closed</wp:ping_status>
		<wp:post_name>10</wp:post_name>
		<wp:status>publish</wp:status>
		<wp:post_parent>0</wp:post_parent>
		<wp:menu_order>2</wp:menu_order>
		<wp:post_type>nav_menu_item</wp:post_type>
		<wp:post_password></wp:post_password>
		<wp:is_sticky>0</wp:is_sticky>
		<category domain="nav_menu" nicename="primary"><![CDATA[Primary]]></category>
		<wp:postmeta>
			<wp:meta_key>_publicize_pending</wp:meta_key>
			<wp:meta_value><![CDATA[1]]></wp:meta_value>
		</wp:postmeta>
		<wp:postmeta>
			<wp:meta_key>_menu_item_type</wp:meta_key>
			<wp:meta_value><![CDATA[post_type]]></wp:meta_value>
		</wp:postmeta>
		<wp:postmeta>
			<wp:meta_key>_menu_item_menu_item_parent</wp:meta_key>
			<wp:meta_value><![CDATA[0]]></wp:meta_value>
		</wp:postmeta>
		<wp:postmeta>
			<wp:meta_key>_menu_item_object_id</wp:meta_key>
			<wp:meta_value><![CDATA[2]]></wp:meta_value>
		</wp:postmeta>
		<wp:postmeta>
			<wp:meta_key>_menu_item_object</wp:meta_key>
			<wp:meta_value><![CDATA[page]]></wp:meta_value>
		</wp:postmeta>
		<wp:postmeta>
			<wp:meta_key>_menu_item_target</wp:meta_key>
			<wp:meta_value><![CDATA[]]></wp:meta_value>
		</wp:postmeta>
		<wp:postmeta>
			<wp:meta_key>_menu_item_classes</wp:meta_key>
			<wp:meta_value><![CDATA[a:1:{i:0;s:0:"";}]]></wp:meta_value>
		</wp:postmeta>
		<wp:postmeta>
			<wp:meta_key>_menu_item_xfn</wp:meta_key>
			<wp:meta_value><![CDATA[]]></wp:meta_value>
		</wp:postmeta>
		<wp:postmeta>
			<wp:meta_key>_menu_item_url</wp:meta_key>
			<wp:meta_value><![CDATA[]]></wp:meta_value>
		</wp:postmeta>
	</item>
	<item>
		<title></title>
		<link>http://happynewyear.fashion.blog/2019/10/25/11/</link>
		<pubDate>Fri, 25 Oct 2019 11:29:31 +0000</pubDate>
		<dc:creator>luoguhappynewyear</dc:creator>
		<guid isPermaLink="false">https://happynewyearfashion.wordpress.com/2019/10/25/11/</guid>
		<description></description>
		<content:encoded><![CDATA[ ]]></content:encoded>
		<excerpt:encoded><![CDATA[]]></excerpt:encoded>
		<wp:post_id>11</wp:post_id>
		<wp:post_date>2019-10-25 19:29:31</wp:post_date>
		<wp:post_date_gmt>2019-10-25 11:29:31</wp:post_date_gmt>
		<wp:comment_status>closed</wp:comment_status>
		<wp:ping_status>closed</wp:ping_status>
		<wp:post_name>11</wp:post_name>
		<wp:status>publish</wp:status>
		<wp:post_parent>0</wp:post_parent>
		<wp:menu_order>1</wp:menu_order>
		<wp:post_type>nav_menu_item</wp:post_type>
		<wp:post_password></wp:post_password>
		<wp:is_sticky>0</wp:is_sticky>
		<category domain="nav_menu" nicename="primary"><![CDATA[Primary]]></category>
		<wp:postmeta>
			<wp:meta_key>_publicize_pending</wp:meta_key>
			<wp:meta_value><![CDATA[1]]></wp:meta_value>
		</wp:postmeta>
		<wp:postmeta>
			<wp:meta_key>_menu_item_type</wp:meta_key>
			<wp:meta_value><![CDATA[post_type]]></wp:meta_value>
		</wp:postmeta>
		<wp:postmeta>
			<wp:meta_key>_menu_item_menu_item_parent</wp:meta_key>
			<wp:meta_value><![CDATA[0]]></wp:meta_value>
		</wp:postmeta>
		<wp:postmeta>
			<wp:meta_key>_menu_item_object_id</wp:meta_key>
			<wp:meta_value><![CDATA[4]]></wp:meta_value>
		</wp:postmeta>
		<wp:postmeta>
			<wp:meta_key>_menu_item_object</wp:meta_key>
			<wp:meta_value><![CDATA[page]]></wp:meta_value>
		</wp:postmeta>
		<wp:postmeta>
			<wp:meta_key>_menu_item_target</wp:meta_key>
			<wp:meta_value><![CDATA[]]></wp:meta_value>
		</wp:postmeta>
		<wp:postmeta>
			<wp:meta_key>_menu_item_classes</wp:meta_key>
			<wp:meta_value><![CDATA[a:1:{i:0;s:0:"";}]]></wp:meta_value>
		</wp:postmeta>
		<wp:postmeta>
			<wp:meta_key>_menu_item_xfn</wp:meta_key>
			<wp:meta_value><![CDATA[]]></wp:meta_value>
		</wp:postmeta>
		<wp:postmeta>
			<wp:meta_key>_menu_item_url</wp:meta_key>
			<wp:meta_value><![CDATA[]]></wp:meta_value>
		</wp:postmeta>
	</item>
	<item>
		<title>Placeholder Image</title>
		<link>http://happynewyear.fashion.blog/placeholder-image/</link>
		<pubDate>Fri, 25 Oct 2019 11:29:32 +0000</pubDate>
		<dc:creator>luoguhappynewyear</dc:creator>
		<guid isPermaLink="false">http://happynewyearfashion.files.wordpress.com/2019/10/calm.jpg</guid>
		<description></description>
		<content:encoded><![CDATA[]]></content:encoded>
		<excerpt:encoded><![CDATA[]]></excerpt:encoded>
		<wp:post_id>12</wp:post_id>
		<wp:post_date>2019-10-25 19:29:32</wp:post_date>
		<wp:post_date_gmt>2019-10-25 11:29:32</wp:post_date_gmt>
		<wp:comment_status>open</wp:comment_status>
		<wp:ping_status>closed</wp:ping_status>
		<wp:post_name>placeholder-image</wp:post_name>
		<wp:status>inherit</wp:status>
		<wp:post_parent>0</wp:post_parent>
		<wp:menu_order>0</wp:menu_order>
		<wp:post_type>attachment</wp:post_type>
		<wp:post_password></wp:post_password>
		<wp:is_sticky>0</wp:is_sticky>
		<wp:attachment_url>https://happynewyearfashion.files.wordpress.com/2019/10/calm.jpg</wp:attachment_url>
		<wp:postmeta>
			<wp:meta_key>_wp_attached_file</wp:meta_key>
			<wp:meta_value><![CDATA[/home/wpcom/public_html/wp-content/blogs.dir/8c8/168522664/files/2019/10/calm.jpg]]></wp:meta_value>
		</wp:postmeta>
		<wp:postmeta>
			<wp:meta_key>_wp_attachment_metadata</wp:meta_key>
			<wp:meta_value><![CDATA[a:6:{s:5:"width";i:1600;s:6:"height";i:819;s:4:"file";s:81:"/home/wpcom/public_html/wp-content/blogs.dir/8c8/168522664/files/2019/10/calm.jpg";s:5:"sizes";a:0:{}s:10:"image_meta";a:12:{s:8:"aperture";s:1:"0";s:6:"credit";s:0:"";s:6:"camera";s:0:"";s:7:"caption";s:0:"";s:17:"created_timestamp";s:1:"0";s:9:"copyright";s:0:"";s:12:"focal_length";s:1:"0";s:3:"iso";s:1:"0";s:13:"shutter_speed";s:1:"0";s:5:"title";s:0:"";s:11:"orientation";s:1:"0";s:8:"keywords";a:0:{}}s:8:"filesize";i:97705;}]]></wp:meta_value>
		</wp:postmeta>
	</item>
	<item>
		<title>Placeholder Image</title>
		<link>http://happynewyear.fashion.blog/placeholder-image-2/</link>
		<pubDate>Fri, 25 Oct 2019 11:29:32 +0000</pubDate>
		<dc:creator>luoguhappynewyear</dc:creator>
		<guid isPermaLink="false">http://happynewyearfashion.files.wordpress.com/2019/10/mountaindawn.jpg</guid>
		<description></description>
		<content:encoded><![CDATA[]]></content:encoded>
		<excerpt:encoded><![CDATA[]]></excerpt:encoded>
		<wp:post_id>13</wp:post_id>
		<wp:post_date>2019-10-25 19:29:32</wp:post_date>
		<wp:post_date_gmt>2019-10-25 11:29:32</wp:post_date_gmt>
		<wp:comment_status>open</wp:comment_status>
		<wp:ping_status>closed</wp:ping_status>
		<wp:post_name>placeholder-image-2</wp:post_name>
		<wp:status>inherit</wp:status>
		<wp:post_parent>0</wp:post_parent>
		<wp:menu_order>0</wp:menu_order>
		<wp:post_type>attachment</wp:post_type>
		<wp:post_password></wp:post_password>
		<wp:is_sticky>0</wp:is_sticky>
		<wp:attachment_url>https://happynewyearfashion.files.wordpress.com/2019/10/mountaindawn.jpg</wp:attachment_url>
		<wp:postmeta>
			<wp:meta_key>_wp_attached_file</wp:meta_key>
			<wp:meta_value><![CDATA[/home/wpcom/public_html/wp-content/blogs.dir/8c8/168522664/files/2019/10/mountaindawn.jpg]]></wp:meta_value>
		</wp:postmeta>
		<wp:postmeta>
			<wp:meta_key>_wp_attachment_metadata</wp:meta_key>
			<wp:meta_value><![CDATA[a:6:{s:5:"width";i:1600;s:6:"height";i:1067;s:4:"file";s:89:"/home/wpcom/public_html/wp-content/blogs.dir/8c8/168522664/files/2019/10/mountaindawn.jpg";s:5:"sizes";a:0:{}s:10:"image_meta";a:12:{s:8:"aperture";s:1:"0";s:6:"credit";s:0:"";s:6:"camera";s:0:"";s:7:"caption";s:0:"";s:17:"created_timestamp";s:1:"0";s:9:"copyright";s:0:"";s:12:"focal_length";s:1:"0";s:3:"iso";s:1:"0";s:13:"shutter_speed";s:1:"0";s:5:"title";s:0:"";s:11:"orientation";s:1:"0";s:8:"keywords";a:0:{}}s:8:"filesize";i:19506;}]]></wp:meta_value>
		</wp:postmeta>
	</item>
	<item>
		<title>Blog Feed</title>
		<link>http://happynewyear.fashion.blog/blog-feed-2/</link>
		<pubDate>Wed, 09 Oct 2019 11:51:40 +0000</pubDate>
		<dc:creator>luoguhappynewyear</dc:creator>
		<guid isPermaLink="false">https://happynewyear328286301.wordpress.com/?page_id=2</guid>
		<description></description>
		<content:encoded><![CDATA[]]></content:encoded>
		<excerpt:encoded><![CDATA[]]></excerpt:encoded>
		<wp:post_id>16</wp:post_id>
		<wp:post_date>2019-10-09 19:51:40</wp:post_date>
		<wp:post_date_gmt>2019-10-09 11:51:40</wp:post_date_gmt>
		<wp:comment_status>closed</wp:comment_status>
		<wp:ping_status>closed</wp:ping_status>
		<wp:post_name>blog-feed-2</wp:post_name>
		<wp:status>publish</wp:status>
		<wp:post_parent>0</wp:post_parent>
		<wp:menu_order>2</wp:menu_order>
		<wp:post_type>page</wp:post_type>
		<wp:post_password></wp:post_password>
		<wp:is_sticky>0</wp:is_sticky>
		<wp:postmeta>
			<wp:meta_key>_publicize_pending</wp:meta_key>
			<wp:meta_value><![CDATA[1]]></wp:meta_value>
		</wp:postmeta>
		<wp:postmeta>
			<wp:meta_key>_headstart_post</wp:meta_key>
			<wp:meta_value><![CDATA[_hs_blog_page]]></wp:meta_value>
		</wp:postmeta>
		<wp:postmeta>
			<wp:meta_key>sharing_disabled</wp:meta_key>
			<wp:meta_value><![CDATA[a:1:{i:0;N;}]]></wp:meta_value>
		</wp:postmeta>
		<wp:postmeta>
			<wp:meta_key>switch_like_status</wp:meta_key>
			<wp:meta_value><![CDATA[a:1:{i:0;N;}]]></wp:meta_value>
		</wp:postmeta>
		<wp:postmeta>
			<wp:meta_key>_wpas_skip_all_services</wp:meta_key>
			<wp:meta_value><![CDATA[1]]></wp:meta_value>
		</wp:postmeta>
		<wp:postmeta>
			<wp:meta_key>_publicize_pending</wp:meta_key>
			<wp:meta_value><![CDATA[1]]></wp:meta_value>
		</wp:postmeta>
		<wp:postmeta>
			<wp:meta_key>_checklist_post_type</wp:meta_key>
			<wp:meta_value><![CDATA[_hs_blog_page]]></wp:meta_value>
		</wp:postmeta>
		<wp:postmeta>
			<wp:meta_key>_import_session_id</wp:meta_key>
			<wp:meta_value><![CDATA[5db2dcbed602e]]></wp:meta_value>
		</wp:postmeta>
		<wp:postmeta>
			<wp:meta_key>_import_original_post_id</wp:meta_key>
			<wp:meta_value><![CDATA[2]]></wp:meta_value>
		</wp:postmeta>
		<wp:postmeta>
			<wp:meta_key>original_post_id</wp:meta_key>
			<wp:meta_value><![CDATA[2]]></wp:meta_value>
		</wp:postmeta>
		<wp:postmeta>
			<wp:meta_key>_wp_old_slug</wp:meta_key>
			<wp:meta_value><![CDATA[2]]></wp:meta_value>
		</wp:postmeta>
	</item>
	<item>
		<title>Home</title>
		<link>http://happynewyear.fashion.blog/blog-2/</link>
		<pubDate>Wed, 09 Oct 2019 11:51:38 +0000</pubDate>
		<dc:creator>luoguhappynewyear</dc:creator>
		<guid isPermaLink="false">https://happynewyear328286301.wordpress.com/?page_id=4</guid>
		<description></description>
		<content:encoded><![CDATA[<!-- wp:cover {"url":"https://happynewyearfashion.files.wordpress.com/2019/10/8185f-mountaindawn.jpg","id":162,"dimRatio":0,"focalPoint":{"x":0.5,"y":0.5},"align":"full"} -->
<div class="wp-block-cover alignfull" style="background-image:url('https://happynewyearfashion.files.wordpress.com/2019/10/8185f-mountaindawn.jpg');background-position:50% 50%;"><div class="wp-block-cover__inner-container"><!-- wp:heading {"align":"center","level":1} -->
<h1 class="has-text-align-center">Welcome to Happynewyear's Blog</h1>
<!-- /wp:heading --></div></div>
<!-- /wp:cover -->

<!-- wp:spacer {"height":20} -->
<div class="wp-block-spacer" style="height:20px;" aria-hidden="true"> </div>
<!-- /wp:spacer -->

<!-- wp:a8c/posts-list {"postsPerPage":2} /-->

<!-- wp:spacer {"height":20} -->
<div class="wp-block-spacer" style="height:20px;" aria-hidden="true"> </div>
<!-- /wp:spacer -->

<!-- wp:separator {"className":"is-style-wide"} -->
<hr class="wp-block-separator is-style-wide" />
<!-- /wp:separator -->

<!-- wp:heading {"align":"left","level":3} -->
<h3 class="has-text-align-left">友情链接</h3>
<!-- /wp:heading -->

<!-- wp:paragraph -->
<p><a href="http://wpa.qq.com/msgrd?v=3&amp;uin=2717885529&amp;site=qq&amp;menu=yes">Happynewyear's QQ - 嘤嘤嘤我太纯洁了</a></p>
<!-- /wp:paragraph -->

<!-- wp:paragraph -->
<p><a href="mailto://2717885529@qq.com">Happynewyear's Mail - 欢迎随时发邮件QwQ</a></p>
<!-- /wp:paragraph -->

<!-- wp:paragraph -->
<p> <a href="https://space.bilibili.com/338142387">Happynewyear_QwQ - bilibili个人空间</a></p>
<!-- /wp:paragraph -->

<!-- wp:paragraph -->
<p><a href="https://www.luogu.org/paste/oyaplzwf">Happynewyear's theme - 转载至bilibili大会员个人主页图片</a></p>
<!-- /wp:paragraph -->

<!-- wp:paragraph {"align":"left"} -->
<p class="has-text-align-left"><a href="https://happynewyear328286301.wordpress.com/">Happynewyear's Blog - 可爱的女孩子小新</a></p>
<!-- /wp:paragraph -->

<!-- wp:paragraph -->
<p><a href="https://luoguyuntianming.github.io/">yuntianming's Blog - 美工组组长</a></p>
<!-- /wp:paragraph -->

<!-- wp:paragraph -->
<p><a href="https://yemaster.github.io/">yamaster's Blog -  蒟蒻也能变神犇 </a></p>
<!-- /wp:paragraph -->

<!-- wp:paragraph -->
<p><a href="https://masteroj.hustoj.com">MasterOJ -  基于网页形式的信息学在线评测系统 </a></p>
<!-- /wp:paragraph -->

<!-- wp:paragraph -->
<p><a href="https://www.luogu.org/">Luogu - 计算机科学教育新生态</a></p>
<!-- /wp:paragraph -->

<!-- wp:paragraph -->
<p><a href="http://www.caoweninfo.com/">CaowenOJ - “失之毫厘，谬以千里”</a></p>
<!-- /wp:paragraph -->

<!-- wp:paragraph -->
<p><a href="https://jq.qq.com/?_wv=1027&amp;k=5ShkDrS">MasterOJ in QQ - MasterOJ用户群</a></p>
<!-- /wp:paragraph -->

<!-- wp:paragraph -->
<p>另附：</p>
<!-- /wp:paragraph -->

<!-- wp:paragraph -->
<p><a href="https://www.bilibili.com/blackboard/activity-xinxing5.html">第五届bilibili新星计划</a></p>
<!-- /wp:paragraph -->

<!-- wp:paragraph -->
<p><a href="https://activity.hdslb.com/blackboard/static-video/videos/dfk139vjzl.mp4">第五届bilibili新星计划片头</a></p>
<!-- /wp:paragraph -->

<!-- wp:paragraph -->
<p><a href="https://member.bilibili.com/studio/slime/web/current?from=p">bilibili创作新秀奖</a></p>
<!-- /wp:paragraph -->

<!-- wp:paragraph -->
<p><a href="https://pan.baidu.com/s/1_Xa2mEbaRfskcYSg8vkJQg">bilibili创作新秀奖专属片头</a></p>
<!-- /wp:paragraph -->

<!-- wp:paragraph -->
<p><a href="https://dl.hdslb.com/winclient/uploader/2.0.0.1054/bilibiliuploader-release-20170901-1054.exe">bilibili官方投稿工具</a></p>
<!-- /wp:paragraph -->

<!-- wp:paragraph -->
<p><a href="https://live.bilibili.com/liveHime">bilibili官方直播姬下载链接</a></p>
<!-- /wp:paragraph -->]]></content:encoded>
		<excerpt:encoded><![CDATA[]]></excerpt:encoded>
		<wp:post_id>18</wp:post_id>
		<wp:post_date>2019-10-09 19:51:38</wp:post_date>
		<wp:post_date_gmt>2019-10-09 11:51:38</wp:post_date_gmt>
		<wp:comment_status>closed</wp:comment_status>
		<wp:ping_status>closed</wp:ping_status>
		<wp:post_name>blog-2</wp:post_name>
		<wp:status>publish</wp:status>
		<wp:post_parent>0</wp:post_parent>
		<wp:menu_order>1</wp:menu_order>
		<wp:post_type>page</wp:post_type>
		<wp:post_password></wp:post_password>
		<wp:is_sticky>0</wp:is_sticky>
		<wp:postmeta>
			<wp:meta_key>_publicize_pending</wp:meta_key>
			<wp:meta_value><![CDATA[1]]></wp:meta_value>
		</wp:postmeta>
		<wp:postmeta>
			<wp:meta_key>sharing_disabled</wp:meta_key>
			<wp:meta_value><![CDATA[a:1:{i:0;N;}]]></wp:meta_value>
		</wp:postmeta>
		<wp:postmeta>
			<wp:meta_key>switch_like_status</wp:meta_key>
			<wp:meta_value><![CDATA[a:1:{i:0;N;}]]></wp:meta_value>
		</wp:postmeta>
		<wp:postmeta>
			<wp:meta_key>_publicize_pending</wp:meta_key>
			<wp:meta_value><![CDATA[1]]></wp:meta_value>
		</wp:postmeta>
		<wp:postmeta>
			<wp:meta_key>_import_session_id</wp:meta_key>
			<wp:meta_value><![CDATA[5db2dcbed602e]]></wp:meta_value>
		</wp:postmeta>
		<wp:postmeta>
			<wp:meta_key>_import_original_post_id</wp:meta_key>
			<wp:meta_value><![CDATA[4]]></wp:meta_value>
		</wp:postmeta>
		<wp:postmeta>
			<wp:meta_key>original_post_id</wp:meta_key>
			<wp:meta_value><![CDATA[4]]></wp:meta_value>
		</wp:postmeta>
		<wp:postmeta>
			<wp:meta_key>_wp_old_slug</wp:meta_key>
			<wp:meta_value><![CDATA[4]]></wp:meta_value>
		</wp:postmeta>
	</item>
	<item>
		<title></title>
		<link>http://happynewyear.fashion.blog/2019/10/25/20/</link>
		<pubDate>Fri, 25 Oct 2019 11:30:17 +0000</pubDate>
		<dc:creator>luoguhappynewyear</dc:creator>
		<guid isPermaLink="false">http://happynewyear.fashion.blog/2019/10/25/</guid>
		<description></description>
		<content:encoded><![CDATA[ ]]></content:encoded>
		<excerpt:encoded><![CDATA[]]></excerpt:encoded>
		<wp:post_id>20</wp:post_id>
		<wp:post_date>2019-10-25 19:30:17</wp:post_date>
		<wp:post_date_gmt>2019-10-25 11:30:17</wp:post_date_gmt>
		<wp:comment_status>closed</wp:comment_status>
		<wp:ping_status>closed</wp:ping_status>
		<wp:post_name>20</wp:post_name>
		<wp:status>publish</wp:status>
		<wp:post_parent>0</wp:post_parent>
		<wp:menu_order>2</wp:menu_order>
		<wp:post_type>nav_menu_item</wp:post_type>
		<wp:post_password></wp:post_password>
		<wp:is_sticky>0</wp:is_sticky>
		<category domain="nav_menu" nicename="primary"><![CDATA[Primary]]></category>
		<wp:postmeta>
			<wp:meta_key>_publicize_pending</wp:meta_key>
			<wp:meta_value><![CDATA[1]]></wp:meta_value>
		</wp:postmeta>
		<wp:postmeta>
			<wp:meta_key>_menu_item_type</wp:meta_key>
			<wp:meta_value><![CDATA[post_type]]></wp:meta_value>
		</wp:postmeta>
		<wp:postmeta>
			<wp:meta_key>_menu_item_menu_item_parent</wp:meta_key>
			<wp:meta_value><![CDATA[0]]></wp:meta_value>
		</wp:postmeta>
		<wp:postmeta>
			<wp:meta_key>_menu_item_object_id</wp:meta_key>
			<wp:meta_value><![CDATA[16]]></wp:meta_value>
		</wp:postmeta>
		<wp:postmeta>
			<wp:meta_key>_menu_item_object</wp:meta_key>
			<wp:meta_value><![CDATA[page]]></wp:meta_value>
		</wp:postmeta>
		<wp:postmeta>
			<wp:meta_key>_menu_item_target</wp:meta_key>
			<wp:meta_value><![CDATA[]]></wp:meta_value>
		</wp:postmeta>
		<wp:postmeta>
			<wp:meta_key>_menu_item_classes</wp:meta_key>
			<wp:meta_value><![CDATA[a:1:{i:0;s:0:"";}]]></wp:meta_value>
		</wp:postmeta>
		<wp:postmeta>
			<wp:meta_key>_menu_item_xfn</wp:meta_key>
			<wp:meta_value><![CDATA[]]></wp:meta_value>
		</wp:postmeta>
		<wp:postmeta>
			<wp:meta_key>_menu_item_url</wp:meta_key>
			<wp:meta_value><![CDATA[]]></wp:meta_value>
		</wp:postmeta>
	</item>
	<item>
		<title></title>
		<link>http://happynewyear.fashion.blog/2019/10/25/21/</link>
		<pubDate>Fri, 25 Oct 2019 11:30:17 +0000</pubDate>
		<dc:creator>luoguhappynewyear</dc:creator>
		<guid isPermaLink="false">http://happynewyear.fashion.blog/2019/10/25/</guid>
		<description></description>
		<content:encoded><![CDATA[ ]]></content:encoded>
		<excerpt:encoded><![CDATA[]]></excerpt:encoded>
		<wp:post_id>21</wp:post_id>
		<wp:post_date>2019-10-25 19:30:17</wp:post_date>
		<wp:post_date_gmt>2019-10-25 11:30:17</wp:post_date_gmt>
		<wp:comment_status>closed</wp:comment_status>
		<wp:ping_status>closed</wp:ping_status>
		<wp:post_name>21</wp:post_name>
		<wp:status>publish</wp:status>
		<wp:post_parent>0</wp:post_parent>
		<wp:menu_order>1</wp:menu_order>
		<wp:post_type>nav_menu_item</wp:post_type>
		<wp:post_password></wp:post_password>
		<wp:is_sticky>0</wp:is_sticky>
		<category domain="nav_menu" nicename="primary"><![CDATA[Primary]]></category>
		<wp:postmeta>
			<wp:meta_key>_publicize_pending</wp:meta_key>
			<wp:meta_value><![CDATA[1]]></wp:meta_value>
		</wp:postmeta>
		<wp:postmeta>
			<wp:meta_key>_menu_item_type</wp:meta_key>
			<wp:meta_value><![CDATA[post_type]]></wp:meta_value>
		</wp:postmeta>
		<wp:postmeta>
			<wp:meta_key>_menu_item_menu_item_parent</wp:meta_key>
			<wp:meta_value><![CDATA[0]]></wp:meta_value>
		</wp:postmeta>
		<wp:postmeta>
			<wp:meta_key>_menu_item_object_id</wp:meta_key>
			<wp:meta_value><![CDATA[18]]></wp:meta_value>
		</wp:postmeta>
		<wp:postmeta>
			<wp:meta_key>_menu_item_object</wp:meta_key>
			<wp:meta_value><![CDATA[page]]></wp:meta_value>
		</wp:postmeta>
		<wp:postmeta>
			<wp:meta_key>_menu_item_target</wp:meta_key>
			<wp:meta_value><![CDATA[]]></wp:meta_value>
		</wp:postmeta>
		<wp:postmeta>
			<wp:meta_key>_menu_item_classes</wp:meta_key>
			<wp:meta_value><![CDATA[a:1:{i:0;s:0:"";}]]></wp:meta_value>
		</wp:postmeta>
		<wp:postmeta>
			<wp:meta_key>_menu_item_xfn</wp:meta_key>
			<wp:meta_value><![CDATA[]]></wp:meta_value>
		</wp:postmeta>
		<wp:postmeta>
			<wp:meta_key>_menu_item_url</wp:meta_key>
			<wp:meta_value><![CDATA[]]></wp:meta_value>
		</wp:postmeta>
	</item>
	<item>
		<title>title</title>
		<link>http://happynewyear.fashion.blog/qq%e5%9b%be%e7%89%8720191119042249/</link>
		<pubDate>Sat, 23 Nov 2019 06:00:33 +0000</pubDate>
		<dc:creator>luoguhappynewyear</dc:creator>
		<guid isPermaLink="false">http://happynewyearfashion.files.wordpress.com/2019/11/qqe59bbee7898720191119042249.jpg</guid>
		<description></description>
		<content:encoded><![CDATA[]]></content:encoded>
		<excerpt:encoded><![CDATA[]]></excerpt:encoded>
		<wp:post_id>266</wp:post_id>
		<wp:post_date>2019-11-23 14:00:33</wp:post_date>
		<wp:post_date_gmt>2019-11-23 06:00:33</wp:post_date_gmt>
		<wp:comment_status>open</wp:comment_status>
		<wp:ping_status>closed</wp:ping_status>
		<wp:post_name>qq%e5%9b%be%e7%89%8720191119042249</wp:post_name>
		<wp:status>inherit</wp:status>
		<wp:post_parent>0</wp:post_parent>
		<wp:menu_order>0</wp:menu_order>
		<wp:post_type>attachment</wp:post_type>
		<wp:post_password></wp:post_password>
		<wp:is_sticky>0</wp:is_sticky>
		<wp:attachment_url>https://happynewyearfashion.files.wordpress.com/2019/11/qqe59bbee7898720191119042249.jpg</wp:attachment_url>
		<wp:postmeta>
			<wp:meta_key>_wp_attachment_metadata</wp:meta_key>
			<wp:meta_value><![CDATA[a:6:{s:5:"width";i:400;s:6:"height";i:400;s:4:"file";s:105:"/home/wpcom/public_html/wp-content/blogs.dir/8c8/168522664/files/2019/11/qqe59bbee7898720191119042249.jpg";s:5:"sizes";a:0:{}s:10:"image_meta";a:12:{s:8:"aperture";s:1:"0";s:6:"credit";s:0:"";s:6:"camera";s:0:"";s:7:"caption";s:0:"";s:17:"created_timestamp";s:1:"0";s:9:"copyright";s:0:"";s:12:"focal_length";s:1:"0";s:3:"iso";s:1:"0";s:13:"shutter_speed";s:1:"0";s:5:"title";s:0:"";s:11:"orientation";s:1:"0";s:8:"keywords";a:0:{}}s:8:"filesize";i:20989;}]]></wp:meta_value>
		</wp:postmeta>
		<wp:postmeta>
			<wp:meta_key>_wp_attached_file</wp:meta_key>
			<wp:meta_value><![CDATA[/home/wpcom/public_html/wp-content/blogs.dir/8c8/168522664/files/2019/11/qqe59bbee7898720191119042249.jpg]]></wp:meta_value>
		</wp:postmeta>
	</item>
	<item>
		<title>cropped-qqe59bbee7898720191119042249.jpg</title>
		<link>http://happynewyear.fashion.blog/cropped-qqe59bbee7898720191119042249-jpg/</link>
		<pubDate>Sat, 23 Nov 2019 06:04:58 +0000</pubDate>
		<dc:creator>luoguhappynewyear</dc:creator>
		<guid isPermaLink="false">https://happynewyearfashion.files.wordpress.com/2019/11/cropped-qqe59bbee7898720191119042249.jpg</guid>
		<description></description>
		<content:encoded><![CDATA[https://happynewyearfashion.files.wordpress.com/2019/11/cropped-qqe59bbee7898720191119042249.jpg]]></content:encoded>
		<excerpt:encoded><![CDATA[]]></excerpt:encoded>
		<wp:post_id>269</wp:post_id>
		<wp:post_date>2019-11-23 14:04:58</wp:post_date>
		<wp:post_date_gmt>2019-11-23 06:04:58</wp:post_date_gmt>
		<wp:comment_status>open</wp:comment_status>
		<wp:ping_status>closed</wp:ping_status>
		<wp:post_name>cropped-qqe59bbee7898720191119042249-jpg</wp:post_name>
		<wp:status>inherit</wp:status>
		<wp:post_parent>0</wp:post_parent>
		<wp:menu_order>0</wp:menu_order>
		<wp:post_type>attachment</wp:post_type>
		<wp:post_password></wp:post_password>
		<wp:is_sticky>0</wp:is_sticky>
		<wp:attachment_url>https://happynewyearfashion.files.wordpress.com/2019/11/cropped-qqe59bbee7898720191119042249.jpg</wp:attachment_url>
		<wp:postmeta>
			<wp:meta_key>_wp_attached_file</wp:meta_key>
			<wp:meta_value><![CDATA[/home/wpcom/public_html/wp-content/blogs.dir/8c8/168522664/files/2019/11/cropped-qqe59bbee7898720191119042249.jpg]]></wp:meta_value>
		</wp:postmeta>
		<wp:postmeta>
			<wp:meta_key>_wp_attachment_context</wp:meta_key>
			<wp:meta_value><![CDATA[custom-logo]]></wp:meta_value>
		</wp:postmeta>
		<wp:postmeta>
			<wp:meta_key>_wp_attachment_metadata</wp:meta_key>
			<wp:meta_value><![CDATA[a:6:{s:5:"width";i:400;s:6:"height";i:400;s:4:"file";s:113:"/home/wpcom/public_html/wp-content/blogs.dir/8c8/168522664/files/2019/11/cropped-qqe59bbee7898720191119042249.jpg";s:5:"sizes";a:0:{}s:10:"image_meta";a:12:{s:8:"aperture";s:1:"0";s:6:"credit";s:0:"";s:6:"camera";s:0:"";s:7:"caption";s:0:"";s:17:"created_timestamp";s:1:"0";s:9:"copyright";s:0:"";s:12:"focal_length";s:1:"0";s:3:"iso";s:1:"0";s:13:"shutter_speed";s:1:"0";s:5:"title";s:0:"";s:11:"orientation";s:1:"0";s:8:"keywords";a:0:{}}s:8:"filesize";i:23609;}]]></wp:meta_value>
		</wp:postmeta>
	</item>
</channel>
</rss>
